<?xml version="1.0" encoding="UTF-8"?><?xml-stylesheet type='text/xsl' href='_UpgradeReport_Files/UpgradeReport.xslt'?><UpgradeLog>
<Properties><Property Name="Solution" Value="SerialPortTerminal VS2008">
</Property><Property Name="Solution File" Value="C:\SerialPortTerminal8Dec11\SerialPortTerminal\SerialPortTerminal VS2008.sln">
</Property><Property Name="User Options File" Value="C:\SerialPortTerminal8Dec11\SerialPortTerminal\SerialPortTerminal VS2008.suo">
</Property><Property Name="Date" Value="Monday, September 30, 2013">
</Property><Property Name="Time" Value="14:25 PM">
</Property></Properties><Event ErrorLevel="0" Project="" Source="SerialPortTerminal VS2008.sln" Description="File successfully backed up as C:\SerialPortTerminal8Dec11\SerialPortTerminal\Backup\SerialPortTerminal VS2008.sln">
</Event><Event ErrorLevel="0" Project="" Source="SerialPortTerminal VS2008.suo" Description="File successfully backed up as C:\SerialPortTerminal8Dec11\SerialPortTerminal\Backup\SerialPortTerminal VS2008.suo">
</Event><Event ErrorLevel="0" Project="SerialPortTerminal_2" Source="SerialPortTerminal_2.csproj" Description="Project file successfully backed up as C:\SerialPortTerminal8Dec11\SerialPortTerminal\Backup\SerialPortTerminal_2.csproj">
</Event><Event ErrorLevel="0" Project="SerialPortTerminal_2" Source="SerialPortTerminal_2.csproj.user" Description="Project user file successfully backed up as C:\SerialPortTerminal8Dec11\SerialPortTerminal\Backup\SerialPortTerminal_2.csproj.user">
</Event><Event ErrorLevel="0" Project="SerialPortTerminal_2" Source="About.cs" Description="File successfully backed up as C:\SerialPortTerminal8Dec11\SerialPortTerminal\Backup\About.cs">
</Event><Event ErrorLevel="0" Project="SerialPortTerminal_2" Source="About.Designer.cs" Description="File successfully backed up as C:\SerialPortTerminal8Dec11\SerialPortTerminal\Backup\About.Designer.cs">
</Event><Event ErrorLevel="0" Project="SerialPortTerminal_2" Source="CaptureDevice.cs" Description="File successfully backed up as C:\SerialPortTerminal8Dec11\SerialPortTerminal\Backup\CaptureDevice.cs">
</Event><Event ErrorLevel="0" Project="SerialPortTerminal_2" Source="Setting.cs" Description="File successfully backed up as C:\SerialPortTerminal8Dec11\SerialPortTerminal\Backup\Setting.cs">
</Event><Event ErrorLevel="0" Project="SerialPortTerminal_2" Source="Setting.Designer.cs" Description="File successfully backed up as C:\SerialPortTerminal8Dec11\SerialPortTerminal\Backup\Setting.Designer.cs">
</Event><Event ErrorLevel="0" Project="SerialPortTerminal_2" Source="Program.cs" Description="File successfully backed up as C:\SerialPortTerminal8Dec11\SerialPortTerminal\Backup\Program.cs">
</Event><Event ErrorLevel="0" Project="SerialPortTerminal_2" Source="Properties\AssemblyInfo.cs" Description="File successfully backed up as C:\SerialPortTerminal8Dec11\SerialPortTerminal\Backup\Properties\AssemblyInfo.cs">
</Event><Event ErrorLevel="0" Project="SerialPortTerminal_2" Source="Properties\Resources.Designer.cs" Description="File successfully backed up as C:\SerialPortTerminal8Dec11\SerialPortTerminal\Backup\Properties\Resources.Designer.cs">
</Event><Event ErrorLevel="0" Project="SerialPortTerminal_2" Source="Properties\Settings.Designer.cs" Description="File successfully backed up as C:\SerialPortTerminal8Dec11\SerialPortTerminal\Backup\Properties\Settings.Designer.cs">
</Event><Event ErrorLevel="0" Project="SerialPortTerminal_2" Source="Terminal_1.cs" Description="File successfully backed up as C:\SerialPortTerminal8Dec11\SerialPortTerminal\Backup\Terminal_1.cs">
</Event><Event ErrorLevel="0" Project="SerialPortTerminal_2" Source="Terminal_1.Designer.cs" Description="File successfully backed up as C:\SerialPortTerminal8Dec11\SerialPortTerminal\Backup\Terminal_1.Designer.cs">
</Event><Event ErrorLevel="0" Project="SerialPortTerminal_2" Source="Properties\Settings.settings" Description="File successfully backed up as C:\SerialPortTerminal8Dec11\SerialPortTerminal\Backup\Properties\Settings.settings">
</Event><Event ErrorLevel="0" Project="SerialPortTerminal_2" Source="App.config" Description="File successfully backed up as C:\SerialPortTerminal8Dec11\SerialPortTerminal\Backup\App.config">
</Event><Event ErrorLevel="0" Project="SerialPortTerminal_2" Source="App.ico" Description="File successfully backed up as C:\SerialPortTerminal8Dec11\SerialPortTerminal\Backup\App.ico">
</Event><Event ErrorLevel="0" Project="SerialPortTerminal_2" Source="Notes.txt" Description="File successfully backed up as C:\SerialPortTerminal8Dec11\SerialPortTerminal\Backup\Notes.txt">
</Event><Event ErrorLevel="0" Project="SerialPortTerminal_2" Source="About.resx" Description="File successfully backed up as C:\SerialPortTerminal8Dec11\SerialPortTerminal\Backup\About.resx">
</Event><Event ErrorLevel="0" Project="SerialPortTerminal_2" Source="Properties\Resources.resx" Description="File successfully backed up as C:\SerialPortTerminal8Dec11\SerialPortTerminal\Backup\Properties\Resources.resx">
</Event><Event ErrorLevel="0" Project="SerialPortTerminal_2" Source="About.htm" Description="File successfully backed up as C:\SerialPortTerminal8Dec11\SerialPortTerminal\Backup\About.htm">
</Event><Event ErrorLevel="0" Project="SerialPortTerminal_2" Source="Setting.resx" Description="File successfully backed up as C:\SerialPortTerminal8Dec11\SerialPortTerminal\Backup\Setting.resx">
</Event><Event ErrorLevel="0" Project="SerialPortTerminal_2" Source="Terminal_1.resx" Description="File successfully backed up as C:\SerialPortTerminal8Dec11\SerialPortTerminal\Backup\Terminal_1.resx">
</Event><Event ErrorLevel="0" Project="SerialPortTerminal_2" Source="SerialPortTerminal_2.csproj" Description="The project file does not require conversion.">
</Event><Event ErrorLevel="3" Project="SerialPortTerminal_2" Source="SerialPortTerminal_2.csproj" Description="No Conversion Required">
</Event><Event ErrorLevel="1" Project="Pinvoke" Source="..\Pinvoke\Pinvoke.csproj" Description="Warning: The project file is being backed up to a relative path that differs from the original solution relative path.  The difference in folder hierarchy may create problems in opening or building the backed up solution and project.">
</Event><Event ErrorLevel="0" Project="Pinvoke" Source="..\Pinvoke\Pinvoke.csproj" Description="Project file successfully backed up as C:\SerialPortTerminal8Dec11\SerialPortTerminal\Backup\Pinvoke\Pinvoke.csproj">
</Event><Event ErrorLevel="0" Project="Pinvoke" Source="..\Pinvoke\Class1.cs" Description="File successfully backed up as C:\SerialPortTerminal8Dec11\SerialPortTerminal\Backup\Pinvoke\Class1.cs">
</Event><Event ErrorLevel="0" Project="Pinvoke" Source="..\Pinvoke\Properties\AssemblyInfo.cs" Description="File successfully backed up as C:\SerialPortTerminal8Dec11\SerialPortTerminal\Backup\Pinvoke\Properties\AssemblyInfo.cs">
</Event><Event ErrorLevel="0" Project="Pinvoke" Source="..\Pinvoke\Pinvoke.csproj" Description="Project converted successfully">
</Event><Event ErrorLevel="3" Project="Pinvoke" Source="..\Pinvoke\Pinvoke.csproj" Description="Converted">
</Event><Event ErrorLevel="0" Project="" Source="SerialPortTerminal VS2008.sln" Description="Solution converted successfully">
</Event><Event ErrorLevel="3" Project="" Source="SerialPortTerminal VS2008.sln" Description="Converted">
</Event><Event ErrorLevel="0" Project="Pinvoke" Source="..\Pinvoke\Pinvoke.csproj" Description="Scan complete: Upgrade not required for project files.">
</Event></UpgradeLog>